evaluation,model,accuracy_mean,accuracy_std,f1_mean,f1_std,balanced_accuracy_mean,balanced_accuracy_std,roc_auc_mean,roc_auc_std,pr_auc_mean,pr_auc_std,brier_mean,brier_std
5-fold CV,Gaussian NB,0.7814717818317248,0.025012488700091724,0.7808840568415036,0.03167898990848568,0.7902944448219174,0.02262689452559135,0.8852064507586436,0.024453816715295958,0.8865368354133857,0.041767302551570476,0.19786460962737684,0.02585699015840485
5-fold CV,Logistic Regression,0.8141399382276076,0.011548936961487705,0.8335586256151071,0.013493423634085037,0.8106927389943882,0.010740664556615173,0.8930758276083438,0.01764358493191723,0.9008383758830307,0.022887854634090547,0.1289463521845722,0.009324773620389946
5-fold CV,Nearest Centroid,0.8032642407196933,0.023445649151407646,0.8183030960409488,0.02277081187390015,0.8034753243694839,0.023290168286171385,0.8768757117194148,0.028377760556359165,0.8927070851820771,0.0303316768660048,0.1684164790465777,0.008257929868206944
5-fold CV,Shallow Tree,0.7630640904625224,0.028391022040170754,0.7814873733157067,0.039548025251565505,0.761178204301217,0.03196804219691461,0.8474945080548053,0.014584035373830403,0.8353914084310876,0.0126248595127208,0.15433968948563687,0.011076391391032774
leave-site-out,Gaussian NB,0.7681228112162117,0.06493671607665555,0.7883493231120225,0.07202505399798181,0.7277983087965559,0.053416493923966225,0.7911680051200558,0.11218810476358197,0.8662173299618935,0.06386230830907802,0.21325641470292114,0.06256734471531211
leave-site-out,Logistic Regression,0.7404301681219614,0.05637810734137802,0.7786893729410636,0.02878048228890597,0.7176733924045835,0.07719383177960135,0.7852413914732708,0.09904053806028505,0.8737202419362053,0.06043619705984953,0.17720137684883788,0.03573623486731847
leave-site-out,Nearest Centroid,0.760361706104936,0.03367056022940586,0.7810449448221626,0.06399426970593244,0.7101510445112921,0.07879607907605658,0.7794160451776584,0.0843923130176745,0.868118311603553,0.07155625145201212,0.19464136135086674,0.014087714196735948
leave-site-out,Shallow Tree,0.6805972878796509,0.11846477921181332,0.724339153678403,0.0375037825299472,0.6736781220950281,0.12363034922741954,0.7412414418981025,0.09103354157985047,0.8504946763682264,0.07487598719427765,0.20984987271859923,0.021071661717298625